{
  "grid_points": 256,
  "grid_spacing": 0.00784313725490196,
  "x_range": [
    -1.0,
    1.0
  ],
  "solvers": [
    "None",
    "Elastic_net",
    "L1",
    "Landweber",
    "Svd",
    "Total_variation",
    "Tsvd",
    "Lsqr",
    "Tikhonov"
  ],
  "results": {
    "None": {
      "Zero": [
        0.0,
        0.0,
        0.0
      ],
      "QuadPoly": [
        0.006506661253091113,
        1.9725518139969838,
        1945.6216896373055
      ],
      "CubicPoly": [
        0.019591199992121496,
        5.9377343581639455,
        5853.162499579468
      ],
      "Sine": [
        0.0010418072512439472,
        0.32256961215443564,
        354.38831323903355
      ],
      "Cosine": [
        0.1280536832330432,
        38.82395706466327,
        38285.22740735228
      ],
      "ExpMod": [
        0.002342618090180137,
        0.709822463862394,
        699.3043315586232
      ],
      "HigherPoly": [
        0.03173605573500124,
        9.614875816944991,
        9469.614231131514
      ],
      "CompoundPoly": [
        0.03173605573511715,
        9.837944675470576,
        9470.769458073946
      ]
    },
    "Elastic_net": {
      "Zero": [
        0.0,
        0.0,
        0.0
      ],
      "QuadPoly": [
        0.0011407104227092791,
        0.47207505947543343,
        112.9712048828974
      ],
      "CubicPoly": [
        0.0034610243024786698,
        1.4266146286520436,
        347.05183729551976
      ],
      "Sine": [
        0.00013754650778795416,
        0.05701736100930947,
        108.24209108524668
      ],
      "Cosine": [
        0.02251191395640993,
        9.311071754599938,
        2398.6625626079212
      ],
      "ExpMod": [
        0.0004141409397448383,
        0.17094684141344085,
        43.99897888186815
      ],
      "HigherPoly": [
        0.005613493540165277,
        2.316698846143397,
        567.8408105626852
      ],
      "CompoundPoly": [
        0.005613493540166246,
        2.621356935050355,
        569.4617023153463
      ]
    },
    "L1": {
      "Zero": [
        0.0,
        0.0,
        0.0
      ],
      "QuadPoly": [
        0.001140710422709274,
        0.47207505947543343,
        112.9712048828974
      ],
      "CubicPoly": [
        0.003461024302478665,
        1.4266146286520436,
        347.05183729551976
      ],
      "Sine": [
        0.0001375465077881298,
        0.05701736100930947,
        108.24209108524668
      ],
      "Cosine": [
        0.022511913956409967,
        9.311071754599938,
        2398.6625626079212
      ],
      "ExpMod": [
        0.00041414093974483925,
        0.17094684141344085,
        43.99897888186815
      ],
      "HigherPoly": [
        0.005613493540165282,
        2.316698846143397,
        567.8408105626852
      ],
      "CompoundPoly": [
        0.005613493540166252,
        2.621356935050355,
        569.4617023153463
      ]
    },
    "Landweber": {
      "Zero": [
        0.0,
        0.0,
        0.0
      ],
      "QuadPoly": [
        1.098586181881207,
        2.0000000016292896,
        1.0668965681861689e-07
      ],
      "CubicPoly": [
        1.0063939053543847,
        3.6185795096465996,
        5.999999999847496
      ],
      "Sine": [
        2.1241450827157067,
        6.965220268120389,
        21.967528334531085
      ],
      "Cosine": [
        4.294608469134058,
        27.96992603277382,
        175.0550781957954
      ],
      "ExpMod": [
        0.6533191450706816,
        1.1769147379642315,
        2.9225058157374897
      ],
      "HigherPoly": [
        0.59799540476392,
        4.13853246852743,
        13.910639199333477
      ],
      "CompoundPoly": [
        0.59799540476392,
        3.297974226546455,
        6.95531961011004
      ]
    },
    "Svd": {
      "Zero": [
        0.0,
        0.0,
        0.0
      ],
      "QuadPoly": [
        0.006501892904366241,
        1.9731889602629988,
        1945.7072728617725
      ],
      "CubicPoly": [
        0.0195861242760305,
        5.939324735747674,
        5854.068973610094
      ],
      "Sine": [
        0.0010414382832884858,
        0.32240304574259804,
        354.2050668116522
      ],
      "Cosine": [
        0.1279554758493019,
        38.83734202358871,
        38287.28995229591
      ],
      "ExpMod": [
        0.0023410426261248713,
        0.7100393032969213,
        699.3362543377946
      ],
      "HigherPoly": [
        0.0317132263226439,
        9.617883895409841,
        9469.975998886803
      ],
      "CompoundPoly": [
        0.031713226322672664,
        9.840944623967623,
        9471.131546739894
      ]
    },
    "Total_variation": {
      "Zero": [
        0.0,
        0.0,
        0.0
      ],
      "QuadPoly": [
        0.015419748668937186,
        1.5666816469136755,
        1.5869072714787582
      ],
      "CubicPoly": [
        0.008383053224464192,
        1.3880054330311182,
        6.0168367963815514
      ],
      "Sine": [
        0.0008994177753137144,
        0.09792747686571758,
        23.35475594993821
      ],
      "Cosine": [
        0.3010856726073132,
        30.599616596407476,
        179.30303752616697
      ],
      "ExpMod": [
        0.0053643380581688245,
        0.5455982380079414,
        3.3232246009468596
      ],
      "HigherPoly": [
        0.07237461463613755,
        7.358743365600459,
        14.822586080030861
      ],
      "CompoundPoly": [
        0.0723748515617577,
        7.408453439296857,
        8.758640896753432
      ]
    },
    "Tsvd": {
      "Zero": [
        0.0,
        0.0,
        0.0
      ],
      "QuadPoly": [
        0.01278686427194786,
        1.9999941649389297,
        1.3981591680409546e-05
      ],
      "CubicPoly": [
        0.008433444009822228,
        3.6185780345116525,
        6.0000000387216526
      ],
      "Sine": [
        0.0008735644274561095,
        6.965220248772558,
        21.967522010339717
      ],
      "Cosine": [
        0.24965183344544462,
        27.970624115147462,
        175.0550661175426
      ],
      "ExpMod": [
        0.0044280637226686145,
        1.1769272999919929,
        2.9225040552716175
      ],
      "HigherPoly": [
        0.05978272389366624,
        4.138740821570765,
        13.91064140971899
      ],
      "CompoundPoly": [
        0.059782723893746795,
        3.298183353271183,
        6.95532182177217
      ]
    },
    "Lsqr": {
      "Zero": [
        NaN,
        NaN,
        NaN
      ],
      "QuadPoly": [
        0.03405470532097484,
        1.9999999545186824,
        4.080536954550234e-06
      ],
      "CubicPoly": [
        0.03830963374221929,
        3.6185794126091206,
        6.000000014791341
      ],
      "Sine": [
        0.05331821544000287,
        6.96522021920758,
        21.96752203560136
      ],
      "Cosine": [
        0.011800617151510715,
        27.969925654551734,
        175.0550655813527
      ],
      "ExpMod": [
        0.012442435329056334,
        1.1769147357471565,
        2.9225039467139964
      ],
      "HigherPoly": [
        0.034584744639752064,
        4.138532324199915,
        13.910639877450883
      ],
      "CompoundPoly": [
        0.034584745325500245,
        3.297974081936788,
        6.955320288227752
      ]
    },
    "Tikhonov": {
      "Zero": [
        0.0,
        0.0,
        0.0
      ],
      "QuadPoly": [
        0.006507472185899005,
        1.9726005910095183,
        1945.746759794721
      ],
      "CubicPoly": [
        0.01958966852194674,
        5.93729218670836,
        5852.6289525225
      ],
      "Sine": [
        0.0010448378090806036,
        0.32300427436955725,
        355.12246352499415
      ],
      "Cosine": [
        0.12802936347197694,
        38.81894424146969,
        38278.47603136927
      ],
      "ExpMod": [
        0.002341420316584449,
        0.7096191761205124,
        699.0099871942575
      ],