{
  "grid_points": 256,
  "grid_spacing": 0.00784313725490196,
  "x_range": [
    -1.0,
    1.0
  ],
  "solvers": [
    "None",
    "Diagonal_dominance",
    "Max_element",
    "Van_der_sluis",
    "Iterative",
    "Square_sum",
    "Normalization",
    "Equalization",
    "Rehu"
  ],
  "results": {
    "None": {
      "Zero": [
        0.0,
        0.0,
        0.0
      ],
      "QuadPoly": [
        0.006506661253091113,
        1.9725518139969838,
        1945.6216896373055
      ],
      "CubicPoly": [
        0.019591199992121496,
        5.9377343581639455,
        5853.162499579468
      ],
      "Sine": [
        0.0010418072512439472,
        0.32256961215443564,
        354.38831323903355
      ],
      "Cosine": [
        0.1280536832330432,
        38.82395706466327,
        38285.22740735228
      ],
      "ExpMod": [
        0.002342618090180137,
        0.709822463862394,
        699.3043315586232
      ],
      "HigherPoly": [
        0.03173605573500124,
        9.614875816944991,
        9469.614231131514
      ],
      "CompoundPoly": [
        0.03173605573511715,
        9.837944675470576,
        9470.769458073946
      ]
    },
    "Diagonal_dominance": {
      "Zero": [
        0.0,
        0.0,
        0.0
      ],
      "QuadPoly": [
        0.006506661253091113,
        1.9725518139969838,
        1945.6216896373055
      ],
      "CubicPoly": [
        0.019591199992121496,
        5.9377343581639455,
        5853.162499579468
      ],
      "Sine": [
        0.0010418072512439472,
        0.32256961215443564,
        354.38831323903355
      ],
      "Cosine": [
        0.1280536832330432,
        38.82395706466327,
        38285.22740735228
      ],
      "ExpMod": [
        0.002342618090180137,
        0.709822463862394,
        699.3043315586232
      ],
      "HigherPoly": [
        0.03173605573500124,
        9.614875816944991,
        9469.614231131514
      ],
      "CompoundPoly": [
        0.03173605573511715,
        9.837944675470576,
        9470.769458073946
      ]
    },
    "Max_element": {
      "Zero": [
        0.0,
        0.0,
        0.0
      ],
      "QuadPoly": [
        0.006506661253071294,
        1.972551813992194,
        1945.621689631779
      ],
      "CubicPoly": [
        0.01959119999217929,
        5.937734358178788,
        5853.162499598262
      ],
      "Sine": [
        0.0010418072512201313,
        0.3225696121518912,
        354.3883132348231
      ],
      "Cosine": [
        0.12805368323196636,
        38.823957064380956,
        38285.22740700222
      ],
      "ExpMod": [
        0.002342618090160626,
        0.7098224638573393,
        699.304331552273
      ],
      "HigherPoly": [
        0.03173605573501868,
        9.614875816949993,
        9469.614231137477
      ],
      "CompoundPoly": [
        0.03173605573507221,
        9.837944675460779,
        9470.769458061099
      ]
    },
    "Van_der_sluis": {
      "Zero": [
        0.0,
        0.0,
        0.0
      ],
      "QuadPoly": [
        0.006506661253071896,
        1.9725518139912663,
        1945.6216896306255
      ],
      "CubicPoly": [
        0.019591199992101918,
        5.937734358160726,
        5853.162499574811
      ],
      "Sine": [
        0.001041807251254113,
        0.3225696121612083,
        354.38831324580326
      ],
      "Cosine": [
        0.12805368323308175,
        38.82395706467197,
        38285.22740736366
      ],
      "ExpMod": [
        0.0023426180901819334,
        0.7098224638623943,
        699.3043315588899
      ],
      "HigherPoly": [
        0.0317360557349846,
        9.614875816941161,
        9469.61423112662
      ],
      "CompoundPoly": [
        0.03173605573508351,
        9.837944675463106,
        9470.76945806396
      ]
    },
    "Iterative": {
      "Zero": [
        0.0,
        0.0,
        0.0
      ],
      "QuadPoly": [
        0.006506661253044276,
        1.9725518139870595,
        1945.6216896244046
      ],
      "CubicPoly": [
        0.019591199992072244,
        5.937734358150769,
        5853.162499563114
      ],
      "Sine": [
        0.001041807251255617,
        0.3225696121590569,
        354.3883132437412
      ],
      "Cosine": [
        0.12805368323165406,
        38.82395706430629,
        38285.22740690482
      ],
      "ExpMod": [
        0.0023426180901720915,
        0.7098224638599894,
        699.304331555675
      ],
      "HigherPoly": [
        0.03173605573501048,
        9.614875816946919,
        9469.614231134085
      ],
      "CompoundPoly": [
        0.03173605573494449,
        9.837944675430952,
        9470.769458022332
      ]
    },
    "Square_sum": {
      "Zero": [
        0.0,
        0.0,
        0.0
      ],
      "QuadPoly": [
        0.0065066612530779435,
        1.9725518139924882,
        1945.6216896322674
      ],
      "CubicPoly": [
        0.019591199992125243,
        5.937734358163438,
        5853.16249957926
      ],
      "Sine": [
        0.0010418072512280733,
        0.32256961215344737,
        354.3883132365613
      ],
      "Cosine": [
        0.12805368323292304,
        38.82395706462976,
        38285.22740731415
      ],
      "ExpMod": [
        0.0023426180901709613,
        0.7098224638599903,
        699.3043315556613
      ],
      "HigherPoly": [
        0.031736055735100126,
        9.614875816970514,
        9469.614231163705
      ],
      "CompoundPoly": [
        0.03173605573502443,
        9.837944675448455,
        9470.769458045557
      ]
    },
    "Normalization": {
      "Zero": [
        0.0,
        0.0,
        0.0
      ],
      "QuadPoly": [
        0.006506661252972248,
        1.9725518139667289,
        1945.6216895996627
      ],
      "CubicPoly": [
        0.01959119999213444,
        5.937734358166581,
        5853.16249958316
      ],
      "Sine": [
        0.001041807251070217,
        0.32256961212026203,
        354.3883131944688
      ],
      "Cosine": [
        0.12805368323109378,
        38.823957064171374,
        38285.22740673455
      ],
      "ExpMod": [
        0.002342618090169441,
        0.70982246385989,
        699.3043315553655
      ],
      "HigherPoly": [
        0.03173605573506185,
        9.614875816958643,
        9469.614231149515
      ],
      "CompoundPoly": [
        0.03173605573515437,
        9.8379446754769,
        9470.769458083016
      ]
    },
    "Equalization": {
      "Zero": [
        0.0,
        0.0,
        0.0
      ],
      "QuadPoly": [
        0.006506661253058927,
        1.9725518139881708,
        1945.6216896267197
      ],
      "CubicPoly": [
        0.01959119999215038,
        5.937734358170995,
        5853.162499588301
      ],
      "Sine": [
        0.0010418072512118452,
        0.3225696121505515,
        354.3883132323929
      ],
      "Cosine": [
        0.12805368323203278,
        38.823957064384956,
        38285.227407008206
      ],
      "ExpMod": [
        0.0023426180901791123,
        0.7098224638616962,
        699.3043315579729
      ],
      "HigherPoly": [
        0.03173605573500049,
        9.614875816943345,
        9469.614231129846
      ],
      "CompoundPoly": [
        0.03173605573505919,
        9.83794467545772,
        9470.76945805702
      ]
    },
    "Rehu": {
      "Zero": [
        0.0,
        0.0,
        0.0
      ],
      "QuadPoly": [
        0.0065066612530985815,
        1.9725518139974427,
        1945.6216896385868
      ],
      "CubicPoly": [
        0.019591199992123217,
        5.937734358165315,
        5853.162499580754
      ],
      "Sine": [
        0.00104180725123174,
        0.32256961215191926,
        354.38831323514455
      ],
      "Cosine": [
        0.12805368323296742,
        38.823957064637995,
        38285.22740732495
      ],
      "ExpMod": [
        0.002342618090179081,
        0.7098224638620185,
        699.3043315582622
      ],